<?xml version="1.0" encoding="UTF-8"?>
<project-private xmlns="http://www.netbeans.org/ns/project-private/1">
    <editor-bookmarks xmlns="http://www.netbeans.org/ns/editor-bookmarks/2" lastBookmarkId="0"/>
    <open-files xmlns="http://www.netbeans.org/ns/projectui-open-files/2">
        <group>
            <file>file:/E:/Projects%20for%20code-projects/netbeans/Library-Management-System-master/src/Library_Management/Home.java</file>
            <file>file:/E:/Projects%20for%20code-projects/netbeans/Library-Management-System-master/src/DAO/DatabaseHelper.java</file>
        </group>
    </open-files>
</project-private>
